{
  "train_loss": [
    0.2662699308884723,
    0.16638956222292559,
    0.13368124044154917,
    0.11548924972505673,
    0.10079843139090121,
    0.0832196953099059,
    0.07293426989198988,
    0.060548975102036544,
    0.0536065391333931,
    0.04543194219367602
  ],
  "train_acc": [
    88.584,
    93.556,
    94.946,
    95.66,
    96.233,
    96.847,
    97.255,
    97.754,
    97.995,
    98.359
  ],
  "val_loss": [
    0.17826246522414457,
    0.1520814178096261,
    0.1575966600067676,
    0.15779263370783086,
    0.13259248309739077,
    0.1333166829126466,
    0.12116089561704997,
    0.15923295864704878,
    0.16856133081256205,
    0.15790577516386842
  ],
  "val_acc": [
    93.26,
    94.365,
    94.18,
    94.31,
    95.0,
    95.01,
    95.72,
    95.05,
    94.405,
    95.295
  ]
}